NR;Lot ASM;Lot;Productor;Origen;Extracció;XT oleo proveidor;XT oleo reacció;Pèrdua escalfament oleo;Clorofil·les;Ferro;Coure;Acidesa (%oleic);alfa;beta;gamma;delta;TOTAL;2,4-HEPTADIENAL;2-METHYLFURAN;2-PENTYLFURAN;HEXANAL;2-HEPTANONE;6M5H2ONE;6M3,5H2ONE;TDN;ETHANONE;2,6-DIMETHYLNAPHTALENE;2,6-DIMETHYLNAPHTALENE;TOLUENE;M-XYLENE;total productes ox AGPI;total oxidació carotenoides;total termoox carotenoides;C 8:0;C 10:0;C 12:0;C 14:0;C 15:0;C 15:1;C 16:0;C 16:1n7;C 17:0;C 18:0;C 18:1n9;C 18:1n7;C 18:2n6;C 20:0;C 18:3n3;C 21:0;C 20:2n6;C 22:0;C 20:3n3;C 20:4n6;C 23:0;C 24:0;C 24:1;MUFA;PUFA;SFA;Polifenols;Previ 7;Final 7;Previ 42;Final 42;XT caract;TOTAL HPLC;lut HPLC
1;7588-1;HLY:2022-08-02;BH;HLY;B;182,91;163,07;10,84686458;27,63;22,85335255;0,806629042;12,19021607;37,58025311;4,365834107;3,699440058;0,779702446;46,42522972;509790,7959;865816,0233;637944,7406;99628,46365;2186577,04;871734,7335;1035220,588;289278,504;915575,4671;0;25154,23921;7323489,21;2166336,252;4299757,063;1906955,321;10719833,67;0,339820705;0,110783191;1,54580794;14,16684355;0,120514404;0,085361143;39,69035018;0,112648842;0,199578015;11,7595688;2,116137649;0,262960189;16,73261151;0,618489413;9,999999687;0,047599826;0,075264672;0,551649885;0,044059358;0,189009488;0,127840107;0,847990754;0,255110705;2,832218529;27,04094471;70,12683676;0,416052369;60,96311669;59,9069492;34,37746753;31,33283374;163,2540186;213,1249774;166,0644272
2;7588-2;HKY:2022-08-06;BH;HKY;B;187,69;171,6975;8,520699025;31,84;24,58464458;0,541943985;12,35036508;40,43570427;4,358993825;4,370547589;0,942043114;50,10728879;376942,0967;640626,7592;957630,4616;85760,36255;2506697,207;1051595,573;1310622,192;247004,0388;1048338;0;34517,08273;6241152,865;2422734,182;4567656,887;2362217,765;9993746,169;0,341298215;0,10968482;1,474948173;13,82401408;0,113258952;0,093743928;39,5635548;0,122526028;0,191816024;11,38110073;2,166755825;0,247621953;17,2424044;0,62871223;10,34152863;0,04752402;0,077961305;0,591901334;0,055591652;0,168942819;0,133361125;0,836415758;0,245333193;2,875980928;27,88642881;69,23759027;0,504396409;66,02993265;70,73292128;42,8934722;38,90025666;165,3579627;216,8221398;165,8677134
3;7590-1;QZY:2022-08-01;BH;QZY;B;172,7;157,4175;8,849160394;25,07;32,06371455;0,754202665;14,30160825;38,30015537;4,447664904;3,727247284;0,89899168;47,37405924;332926,7445;210482,542;305131,6808;21211,44116;462465,368;374423,2568;952772,8114;194286,8596;916009,4757;10934,14099;20873,35549;1313524,692;317375,9846;1332217,776;1327196,068;2773004,508;0,205679399;0,131888628;1,525569529;13,51471412;0,122532601;0,169655026;38,6748594;0,120146134;0,199175936;11,70191945;2,698958354;0,25766506;18,22298132;0,65207488;9,5382478;0,049402814;0,090070909;0,556307921;0,04669615;0,216959809;0,156590177;0,874597162;0,273307426;3,519732;28,11495598;68,36531202;0,357290847;70,40459706;69,88307084;42,40799245;39,86793434;154,7084682;198,3534095;149,8826111
4;7585-1;1-0220-220810D;CG;X;H;175,96;171,09;2,767674471;66,08;36,45703872;1,326536975;11,58938906;31,16060855;3,200461343;5,099809049;1,277283767;40,73816271;182073,0641;809456,8156;1305896,568;0;491105,5334;389568,5259;674774,7663;1674568,989;1342026,858;181786,7162;170624,0166;12523130,64;7990656,283;2788531,981;1064343,292;23882793,5;0,372578105;0,11912203;1,514993117;13,84483089;0,111198333;0,099228978;39,79039394;0,156734704;0,171578447;12,19576607;2,530932997;0,256758264;16,2891023;0,622621443;9,806116382;0,038560921;0,085300803;0,626977723;0,049826085;0,126476649;0,125232667;0,86861922;0,19704992;3,240704863;26,35682222;70,40247292;2,109901799;66,10213912;69,91112926;37,22011325;35,97949871;166,4561166;216,3425642;168,8917767
5;7585-2;1-0220-220811;CG;X;H;174,04;166,63;5,073546311;67,58;38,46187782;1,491633781;9,67355233;32,47003588;3,375741437;5,181267366;1,316902313;42,343947;220689,8022;882198,4337;1177976,406;0;469648,4452;420271,5565;835492,8348;2396781,171;1669695,988;322058,0978;290938,9567;12026477,35;7420039,008;2750513,087;1255764,391;24125990,57;0,205054508;0,117220633;1,514427188;13,83576888;0,107831022;0,236331016;39,77545441;0,155224794;0,167273006;12,12612807;2,723809143;0,259073616;16,33421745;0,619346232;9,81967487;0,043947333;0,082711756;0,584691127;0,044257208;0,141037647;0,129280809;0,784589532;0,19264975;3,567088319;26,42189893;70,01101275;2,163700528;67,10987824;68,92296626;34,81269161;35,52922998;169,3374849;215,979519;174,3519306
6;7591-2;1-0220-220816;CG;X;H;165,04;153,4125;7,045261755;32,88;15,08692695;1,37999764;11,16911915;34,44884016;3,913980654;3,495476013;0,776557126;42,63485395;392437,5934;504825,876;661803,4143;0;503933,0366;352572,9246;769668,1391;1672795,856;1285071,503;253684,0453;437404,7599;5220893,478;2922256,364;2062999,92;1122241,064;11792106,01;0,231159962;0,105988052;1,472207769;13,4864653;0,121635015;0,156672796;38,67212412;0,116594293;0,205466876;12,03018372;2,637763471;0,271749485;17,51972347;0,734086425;9,81066141;0,044848548;0,085285789;0,669741976;0,052869198;0,19413027;0,152853156;0,951381509;0,276407392;3,459187437;27,66267013;68,87814243;1,354926525;70,46666357;73,32180854;42,52798016;37,93511168;152,2624762;196,89733;154,8950713
7;7591-1;1-0220-220817;CG;X;H;175,59;161,185;8,203770146;36,94;13,46870976;1,073047742;11,86035088;34,23612584;3,580940276;3,194921635;0,589990838;41,60197858;182738,8595;348118,2473;390561,8238;0;300701,7735;259743,4467;811893,8124;713475,6954;664712,6492;100658,8437;146081,9345;2598331,98;1134386,559;1222120,704;1071637,259;5357647,662;0,216978575;0,123569109;1,59603537;14,71779853;0,127720159;0,173321096;40,01725149;0,148286384;0,215886334;11,93613787;2,132271282;0,268556642;15,14072023;0,702040831;10,03777961;0,058185099;0,080380454;0,742382087;0,052098485;0,182810352;0,157570362;0,928238828;0,243980829;2,966416233;25,49378913;71,53979464;1,379110721;68,67644194;66,97501063;42,85599163;36,16292522;156,0252238;202,5594505;154,8229617
8;7617-1;HKY:2022-09-06;BH;HKY;B;177,36;164,9725;6,984382048;29,14;14,97413483;0,717120321;13,13465209;35,27459856;3,397071769;2,992174148;0,539437649;42,20328213;409424,8155;216990,2489;339932,8551;0;475790,3727;447960,0616;860607,9542;208054,0797;895132,6933;114923,5093;99653,59215;2440472,571;837935,8244;1442138,292;1308568,016;4596172,27;0,19591036;0,086759509;1,37035363;13,63587225;0,128922142;0,164560032;38,65624712;0,113039816;0,208148006;11,29057207;2,523759467;0,252717962;17,62207277;0,70158864;10,38276712;0,052507996;0,089031039;0,848082695;0,051662562;0,184274239;0,164059379;1,070594232;0,20649697;3,260574249;28,32980773;68,40961802;0,443506411;60,48912903;64,60622599;36,44808821;31,15042945;159,1506763;207,539162;158,8297089
9;7617-2;QZY:2022-09-33;BH;QZY;B;176,61;162,8625;7,784100561;27,36;12,99813061;0,707999812;12,98413354;35,44349071;4,192543154;3,755981782;0,882270665;44,27428631;328998,1687;202573,9588;240576,5875;24735,22833;550550,3338;363157,6552;846159,1622;242937,8605;928019,1422;56216,75308;56798,62354;2687499,853;686248,2371;1347434,277;1209316,817;4657720,47;0,202830032;0,106263711;1,425077106;13,38205039;0,117822309;0,153259109;38,57585266;0,113202105;0,203543123;11,8423859;2,873617108;0,264715653;17,81083935;0,723623553;9,860842133;0,051809117;0,085226446;0,697896164;0,045976979;0,169157274;0,154767493;0,91592671;0,223315568;3,628109543;27,97204219;68,39984827;0,397470076;66,92650937;58,32627617;36,50299273;30,9999783;156,3911247;203,098911;153,1213693
10;7629-2;HKY:2022-10-11;BH;HKY;B;162,83;149,0025;8,491985506;22,9;22,2890152;1,366623447;13,1862196;36,43707061;4,301087395;3,57079231;0,861047503;45,16999782;388042,3549;945104,2909;1686951,617;129381,0328;1029621,257;2028658,375;2194021,034;529009,681;1465925,065;0;49302,72778;4748384,694;1617695,253;4179100,553;4222679,408;8410317,421;0,311341641;0,139834539;1,493960738;13,04743538;0,134672305;0,093638313;38,85332999;0,12619315;0,202293924;11,6025293;3,173967572;0,373785348;18,92903302;0,69521573;8,412909772;0,051523878;0,087597135;0,5819864;0,039740368;0,226103608;0,159981869;0,952452065;0,310473958;4,078058341;27,6953839;68,22655776;0,457518481;73,44476171;71,02767597;38,18955855;36,71098685;142,6143248;189,5858625;143,7918975
11;7630-1;QZY:2022-10-08;BH;QZY;B;197,15;162,0175;17,82018767;27,67;13,29545623;1,208151117;13,45244755;39,4091441;3,650838557;2,706698798;0,368983043;46,1356645;301537,3394;181283,75;281443,3004;17341,20616;384595,2046;356651,6052;719726,4616;319078,2286;996563,5112;32711,02774;47137,03269;1852747,189;474979,3972;1166200,8;1076378,067;3723216,386;0,202799038;0,096753687;1,56901101;14,63997322;0,152884922;0,168848288;38,65173394;0,116903443;0,215550747;11,1557436;2,48789109;0,232187773;17,35848207;0,662364972;9,758058174;0,054460519;0,084295614;0,706997646;0,052558509;0,177315586;0,178743843;1,050409768;0,226032543;3,231863138;27,43070995;69,33742691;0,424867892;62,96430489;60,27858949;39,50908278;32,45617404;155,2958968;208,4201357;159,1765485
12;7654-1;1-0220-220924B;CG;I;H;165,7;159,74;3,596861798;30,53;6,928157891;1,442318274;11,74685353;32,04940332;4,462668548;4,490475739;1,168196792;42,17074439;357907,0674;1669591,47;1183328,946;52069,48972;1185310,809;687670,7779;1190535,8;664906,7975;1568812,517;0;58093,43722;7860680,158;1753332,978;4448207,782;1878206,578;11905825,89;0,203667785;0,144106944;1,496126068;14,01140133;0,200637494;0,186468144;39,88430959;0,156580161;0,239835216;10,87638927;3,674705281;0,36299552;16,68145789;0,762899372;8,266515901;0,065313555;0,075454109;0,812988966;0,039571784;0,180260219;0,218944617;1,205478382;0,253892408;4,634641513;25,2432599;70,12209859;0,823320586;67,65505034;65,7395875;44,75838333;41,07268873;150,9077413;200,3128848;149,7458019
13;7654-2;1-0220-221001B;CG;I;H;152,5;151,3825;0,732786885;31,03;25,13783546;1,642485628;11,2238806;30,5892218;4,225785317;3,541961504;1,070085659;39,42705428;198921,4162;820085,1135;833981,4412;28797,24312;559643,0338;378084,3221;1045708,009;535650,0627;1373956,168;89443,00757;124978,1135;3258170,064;815649,4685;2441428,248;1423792,331;6197846,884;0,316809964;0,148776576;1,438819839;13,40313273;0,20250281;0,104586638;39,07592436;0,162485652;0,257112849;11,23231352;4,324492122;0,386921924;17,64822462;0,820513236;7,575294912;0,063979402;0,076687934;0,827906752;0,039093249;0,18957782;0,221315303;1,204850619;0,278677162;5,257163499;25,52887854;69,21395796;1,50841514;75,66633756;73,5615924;50,05702406;42,6402846;150,8002317;186,4416996;139,6431946
14;7655-1;1-0220-220923C;CG;I;H;163,22;159,9475;2,004962627;30,9;5,56974797;1,849121254;10,82533749;32,43160961;4,477137279;4,154906541;1,190858716;42,25451215;218284,3509;665280,0283;591548,1105;24454,76742;522176,9804;324020,6299;790657,1271;460746,5111;1149966,988;38104,60885;53679,9379;3139387,386;723960,4129;2021744,237;1114677,757;5565845,845;0,218521118;0,138187165;1,488741138;14,05829507;0,195067832;0,178002829;39,74347661;0,143690417;0,231609895;10,91259499;3,534984802;0,358930477;16,79004527;0,754273704;8,451297984;0,059698635;0,076400043;0,786380974;0,040913293;0,175563736;0,212068338;1,208817153;0,242438531;4,458047055;25,53422032;70,00773262;1,190659254;71,50785014;68,87196839;46,00849288;35,09807213;156,4043237;203,1142397;153,3425619
15;7589-1;HLY:2022-09-01;BH;HLY;B;181,3;163,07;9,383618312;26,2;29,02607905;0,718774001;12,33137845;35,17898141;3,740815055;3,162377404;0,679420554;42,76159442;505175,981;289206,6074;358034,8306;27014,99255;583849,2692;454208,8588;1264091,22;267194,0762;1104350,872;19815,00903;36686,14599;1964066,584;445483,4525;1763281,681;1718300,079;3837596,14;0,204999462;0,109355801;1,481869618;13,52466207;0,127685296;0,165034684;38,35470978;0,113877498;0,201206376;12,04600545;2,736185296;0,261941916;18,10246869;0,700262537;9,589829612;0,047132135;0,082829734;0,613196929;0,049230753;0,192143149;0,143915414;0,862086612;0,289371188;3,566410581;28,01650193;68,41708749;0,422598776;69,49097912;66,93522224;36,49569535;28,9646697;152,5939066;203,5682858;155,8795569
16;7570-1;HKY:2022-08-01;BH;HKY;B;182,8;168,2;7,986870897;28,54;21,88783056;0,546409958;11,33431421;36,05712831;4,257261433;4,069143264;0,922997637;45,30653064;496549,6285;320256,2326;557968,6307;48441,47155;1207804,461;371767,2325;772162,2457;168431,3087;991811,8721;28252,06901;42385,35216;2572547,948;441424,2622;2631020,424;1143929,478;4244852,812;0,208391158;0,121655498;1,458217711;13,69151605;0,111486956;0,176998555;39,53821947;0,121675104;0,204631824;11,40904982;2,352910318;0,262560186;17,25433349;0,625663203;10,35488993;0,046129164;0,077621795;0,563347612;0,046921563;0,167458345;0,133764289;0,827203428;0,245354531;3,159498694;27,90122512;68,93927619;0,366117948;64,59336655;60,7011054;34,76894267;26,85905223;158,6861543;208,7924046;158,6397698
17;7581-2;HKY:2022-08-03;BH;HKY;B;189,37;171,01;9,695305487;32,77;20,45561579;0,568652615;12,69139466;37,02341815;3,872236708;3,454103861;0,675683771;45,0254425;466572,0956;208522,7224;463957,1107;29268,45711;972663,8642;492772,2301;1035520,261;180212,0434;909200,0686;13712,7708;29376,95819;2188622,427;561279,6811;2140984,25;1528292,491;3882403,949;0,335673677;0,108569732;1,517206324;14,5194966;0,117544767;0,093120663;39,49793836;0,125850167;0,195417333;11,76448878;2,282419236;0,255746552;15,99750392;0,691453469;10,17670458;0,04810807;0,075616898;0,684418189;0,055123146;0,1690606;0,140046286;0,903591673;0,244900989;3,002037606;26,47400914;70,52395325;0,389410368;68,44137003;69,82166416;37,73761528;31,29991804;160,6133685;214,8710935;166,1366493
18;7579-1;HKY:2022-08-04;BH;HKY;B;184,06;166,445;9,570248832;26,99;24,68637851;0,524165559;13,73528668;35,82324242;3,985761956;3,355079727;0,713496096;43,8775802;478969,2847;598334,3405;771823,5869;65745,61168;1855410,325;805554,6946;1314821,295;250621,3936;1225958,894;0;50117,37324;6480428,743;1104608,086;3770283,149;2120375,99;9111734,489;0,233515193;0,11236172;1,563109155;14,09930468;0,116006062;0,154471087;38,95371221;0,11698412;0,193109456;11,6918787;2,669703842;0,30632711;17,24205987;0,653011653;9,680899291;0,0418539;0,078663644;0,569001834;0,054246102;0,204119869;0,135827366;0,841406887;0,288426244;3,535912403;27,25998878;69,20409882;0,409375659;65,50586928;67,47499295;36,29653577;30,63415282;164,5918092;214,6742767;162,9289784
19;7579-2;HKY:2022-08-05;BH;HKY;B;186,39;171,315;8,087880251;28,91;19,2748962;0,577476391;12,18969762;37,89969304;4,095425996;4,124022862;0,87449242;46,99363432;408743,8912;320010,9422;470989,1362;26657,61903;1061471,716;437764,7299;1123545,547;229323,1349;989675,6141;11694,62476;26730,34596;2939288,091;756184,7813;2287873,305;1561310,277;4952896,592;0,222049906;0,112150694;1,515965246;13,99027775;0,108349587;0,184228765;39,4334528;0,115042804;0,189309898;11,10932828;2,11326198;0,280042747;17,45793768;0,593869362;10,55048644;0,037283165;0,078535083;0,582656896;0,051121765;0,137694247;0,12313588;0,810886596;0,202932431;2,895508727;28,27577522;68,82871605;0,450408299;68,63851855;66,30425099;36,77312003;31,20385248;164,8412033;215,2793816;163,7061286
20;7590-2;QZY:2022-08-02;BH;QZY;B;176,96;164,835;6,851830922;24,49;10,07789172;1,309868088;12,37642148;36,12279655;3,774536251;2,931869809;0,58108989;43,4102925;390757,5991;247579,2118;428541,3122;28554,52647;475710,3998;433588,7825;999523,5853;262402,1486;929027,4421;9992,106285;25431,8709;2039677,051;382811,4896;1571143,049;1433112,368;3649342,108;0,206124035;0,10005234;1,47865822;13,56623477;0,124598158;0,158694468;38,21396527;0,111764228;0,211442478;11,96754316;2,41071021;0,250437515;18,14013342;0,698929834;9,833058761;0,053523342;0,086423948;0,69199966;0,051883674;0,201345353;0,159473554;0,998760063;0,284243541;3,215849962;28,31284516;68,47130488;0,357828868;63,81394784;61,55257232;36,86107111;30,11868837;158,6697381;201,7977493;153,0724023
21;7599-1;QZY:2022-09-03;BH;QZY;B;180,33;163,635;9,258026951;23,54;17,37423828;0,548162154;13,63897193;36,53009261;3,879350716;3,202056486;0,661996777;44,27349659;345738,9259;463177,0752;459679,6557;46966,72788;1137093,181;640372,4924;984214,2135;234876,7696;1045891,252;0;52490,86869;5141051,303;1050984,765;2452655,566;1624586,706;7525294,958;0,321544489;0,088005738;1,348437337;13,36619326;0,114863033;0,085976156;38,466804;0,108719378;0,203289683;12,11082808;2,110739209;0,272807336;18,1578418;0,691612712;10,07038046;0,047527646;0,083551764;0,722973641;0,053372022;0,17562746;0,15048464;1,008741239;0,2396789;2,817920977;28,54077351;68,64130551;0,414250558;61,00450793;60,01341681;36,60940097;26,27750056;156,8817054;203,1509504;153,3152136
22;7599-2;QZY:2022-09-04;BH;QZY;B;179,26;161,845;9,714939194;22,38;13,79749771;1,353432481;12,33138287;36,95962149;3,113291398;2,567809279;0,318860748;42,95958291;320916,8566;336309,9958;393269,1488;28953,44678;609260,3951;471882,5139;771464,2446;283277,77;831159,1052;21253,96641;35580,33265;3188825,026;503371,927;1688709,843;1243346,758;4863468,127;0,201904013;0,082801368;1,389537537;13,36774352;0,131427103;0,138943405;37,74457258;0,106733488;0,219530483;12,07058837;2,655745643;0,282244107;18,32357311;0,728119734;9,946953387;0,051897814;0,088185385;0,70795316;0,052872919;0,189272315;0,158307968;0,989390051;0,371702542;3,555369185;28,60085712;67,8437737;0,394975447;65,00990309;59,45280791;35,99738576;28,12192328;155,0698478;204,1596338;155,6584796
23;7597-2;HKY:2022-08-38;BH;HKY;B;173,53;158,25;8,80539388;22,28;9,875184524;1,668181247;12,28512546;38,83540088;4,115851628;3,289053879;0,636619918;46,87692631;266573,348;194326,4419;344303,8136;23189,83821;489397,5016;298807,6109;681034,3309;254109,1717;904790,9495;8649,112487;25015,55712;2288203,023;409005,0717;1317790,943;979841,9417;3889772,886;0,213224402;0,107896443;1,458068818;13,18467781;0,128515538;0,155067811;38,01657034;0,110600478;0,214651359;12,07869081;2,507564343;0,260779389;18,7055485;0,727009681;9,595795277;0,053220655;0,09146025;0,671898793;0,052065876;0,212669182;0,156120437;1,0053088;0,292595013;3,326607034;28,65753908;68,01585388;0,366930334;61,44194964;60,47767178;32,54693818;28,25847792;152,3584817;196,637583;149,0522291
24;7601-1;HKY:2022-09-01;BH;HKY;B;172,63;155,52;9,911371141;25,69;36,20890682;0,519677927;12,83256691;31,8226613;3,616153402;2,914035793;0,647947913;39,00079841;529783,3023;688058,181;1524218,616;74216,50207;1002041,9;1430775,439;2188939,749;313510,7865;1364519,643;0;49268,34005;4453711,225;998355,0946;3818318,501;3619715,189;7179365,089;0,323371373;0,123138119;1,459372727;13,38259314;0,116724425;0,076060934;38,12505489;0,1120464;0,197716274;11,80364575;3,03144114;0,289093096;18,62865354;0,720392382;9,258205301;0,046200244;0,080740514;0,622981602;0,046892375;0,19786468;0,148504772;0,935362214;0,273944112;3,782585683;28,2123564;68,00505791;0,417278979;70,08790353;72,96685571;33,22164917;28,45264363;155,6003503;200,8043182;155,292514
25;7601-2;HKY:2022-09-02;BH;HKY;B;175,8;160,355;8,785551763;27,97;24,37152889;0,495669181;12,79221118;32,50923938;3,432536523;3,183273351;0,687391508;39,81244076;514235,5059;414853,5223;601362,7208;40333,0162;803970,0363;687070,42;1397086,764;209032,0482;1083716,437;16031,87781;31686,57494;3535961,245;680774,0861;2374754,801;2084157,184;5557202,269;0,313607583;0,11762027;1,46270182;13,24119457;0,108954503;0,082002324;37,649103;0,117022813;0,19772376;11,94417581;3,118046528;0,294991953;18,52106909;0,7415206;9,761604989;0,051461227;0,08643801;0,650520341;0,05111428;0,194646883;0,144313944;0,887586831;0,262578874;3,874642491;28,61487325;67,51048426;0,396863985;66,50897554;66,19808129;33,51382001;25,99894313;151,1146918;198,1125228;149,9131688
26;7600-1;1-0220-220819;CG;X;H;162,94;155,365;4,648950534;42,15;16,10188019;1,571525963;11,01523149;28,77184918;3,072060116;3,709370598;0,884153414;36,43743331;184021,0439;1753466,082;2408271,171;33739,9784;1332811,583;604784,614;910893,6916;2736554,517;1780920,475;238654,4247;275441,7716;14861656,68;12182132,67;5712309,858;1515678,306;32075360,54;0,221054305;0,114259861;1,508857606;13,27000847;0,121058791;0,171078559;38,5158656;0,151835636;0,188284972;12,41427394;3,398502044;0,289237225;17,53913158;0,75270391;9,180528568;0,044687148;0,092803516;0,633883743;0,051791677;0,157364129;0,137865661;0,871850671;0,173072378;4,183725842;27,02161947;68,79465468;1,85467971;73,54935964;75,23311635;34,59393731;28,5615788;149,0693603;190,4926624;142,6765711
27;7600-2;1-0220-220819C;CG;X;H;160,83;154,15;4,153453958;47,46;21,85258947;1,301706959;11,1363273;28,91395917;3,152023526;3,96434474;0,890265957;36,9205934;129931,4691;645506,6126;1157536,562;0;596656,7058;319658,3571;701812,8712;1834975,35;1608907,217;223404,2682;193836,1205;6712827,487;5959115,381;2529631,349;1021471,228;16533065,82;0,193957848;0,124970452;1,45510535;12,79334572;0,115816268;0,178827479;38,13238151;0,144227419;0,192295362;12,61508504;3,701291831;0,287889828;18,09589006;0,733253352;9,118428332;0,048254507;0,090925558;0,614284104;0,040048635;0,153142953;0,137862357;0,797779616;0,234936423;4,54717298;27,49843553;67,95439149;0,334989104;76,46358969;72,84545613;38,86192436;33,85523909;146,2250835;188,7688787;140,8465978
28;7619-1;1-0220-220825;CG;X;H;161,74;155,21;4,037343885;45,83;18,82863384;1,238379984;11,02214325;29,48651361;3,163926069;4,135815274;0,994348075;37,78060302;124241,2622;1483738,013;1795853,977;0;940846,1339;474417,8001;850808,9027;181949,6914;1781696,539;275746,8514;264320,4704;15576334,46;11356052,36;4344679,386;1325226,703;29436100,38;0,320778449;0,123675756;1,383558177;12,46605713;0,116549215;0,090703504;38,06032472;0,140778398;0,189158807;12,78693587;3,630769471;0,310235985;18,25655961;0,767270004;9,085926469;0,04308903;0,09231964;0,662193801;0,048545956;0,151917406;0,140983155;0,900077154;0,231592284;4,404079641;27,63526908;67,96065128;1,492413614;83,33475533;81,12139967;38,14804154;30,45307992;150,6948915;192,6276107;143,599073
29;7619-2;1-0220-220906;CG;X;H;159,6;154,84;5,128446115;56,24;23,93607725;1,375105372;11,34813447;28,62684575;3,100435405;4,718926688;1,191756256;37,6379641;101303,3797;711184,2415;1007870,864;0;622348,7488;273901,3875;638348,2502;1484651,704;1874739,406;231257,0878;180972,4075;4937456,364;4610528,703;2442707,234;912249,6377;13319605,67;0,210085307;0,123025423;1,341734463;11,99562939;0,122691518;0,171251121;37,04814777;0,174418681;0,189140858;11,8757834;4,960428838;0,334936183;19,68718135;0,792519879;8,723544005;0,04330475;0,089074336;0,696820954;0,044112315;0,132401025;0,147460858;0,889949987;0,206357593;5,847392415;28,67631303;65,47629455;1,807951856;82,48513721;79,81153946;34,04921318;28,59418264;147,2717076;192,2384542;147,978874
30;7602-1;HLY:2022-09-02;BH;HLY;B;189,82;173,045;8,837319566;26,83;25,82827156;0,435559337;11,54372283;32,17665394;3,868381807;3,569328467;0,825278997;40,43964321;518110,9595;212340,2715;222667,4823;17717,40613;722487,8581;300198,2755;691350,6371;160241,0093;968288,4442;57860,26461;47785,78365;2313022,054;893182,5629;1693323,978;991548,9126;4440380,118;0,207084584;0,091451543;1,377328177;13,59792828;0,109181599;0,162035999;38,30922091;0,108538605;0,184325196;11,84167196;3,099012821;0,252718195;17,84729954;0,692592937;9,969452878;0,051111658;0,074363242;0,64605884;0,041351663;0,159835639;0,141677127;0,852469724;0,183288883;3,805594502;28,09230296;68,10210254;0,471037448;60,1742396;61,64733995;38,05628914;33,00924195;163,9482992;215,5447188;164,4964389
31;7603-1;HLY:2022-09-06;BH;HLY;B;184,21;163,235;11,3864611;25,02;23,71245566;0,398513259;12,08437987;33,31178056;4,097220051;3,48668408;0,907478866;41,80316355;406252,9637;590308,495;577717,7253;37945,67645;1325396,231;772191,8947;1274455,837;275212,3644;1252099,093;122822,8103;124095,8309;6618288,254;896723,3497;2937621,091;2046647,732;9289241,702;0,242430476;0,098334876;1,372557254;13,14946609;0,106229874;0,149331035;37,69956775;0,107225265;0,192402184;11,94163471;3,428350669;0,278278973;18,78229586;0,752496651;9,492853625;0,040921684;0,079156177;0,648342802;0,042754761;0,169738123;0,135136749;0,879898218;0,210596191;4,173782134;28,56679855;67,25941932;0,425050162;66,9780572;68,96085197;38,18648963;34,08118455;157,164213;193,9928615;146,3615434
32;7614-1;HKY:2022-09-55;BH;HKY;B;178,14;162,3;8,891882789;24,1;11,53399992;1,538168866;12,48600466;37,91269841;3,54608614;3,010052085;0,504612019;44,97344865;293808,4548;463313,7188;639768,9816;41702,8895;748822,1654;667221,3002;1160277,607;430925,6817;1001081,273;59368,12696;70366,21312;3451027,847;860392,0703;2187416,21;1827498,907;5873161,212;0,328120976;0,098235217;1,515191606;13,81353754;0,146747005;0,079464544;38,06032386;0,110545397;0,21772157;11,61829034;2,761445257;0,256927799;18,21468655;0,742301137;9,438877451;0,058481274;0,091061247;0,740163484;0,055410029;0,193518656;0,176704766;1,052952933;0,22929137;3,437674366;27,99355393;68,5687717;0,309099795;65,86829766;61,7202301;37,47693349;31,11509684;158,773294;201,6444621;151,3464303
33;7614-2;QZY:2022-09-28;BH;QZY;B;177,9;163,975;7,827431141;26,52;12,14347683;0,786944127;14,1366429;33,48440969;3,335562481;2,828954859;0,509526733;40,15845377;413240,0064;253327,5004;1103435,249;41637,93126;454979,6529;963366,9377;1412638,436;259954,989;900679,8631;25411,34264;30042,9939;1510768,836;413734,5916;2266620,34;2376005,374;3140592,616;0,192572154;0,097622494;1,390898655;13,46861457;0,115897341;0,17385822;38,47955594;0,10777172;0,208109064;11,92727455;2,185573023;0,249484882;18,13685637;0,70409137;10,02387846;0,056998454;0,091910706;0,766423068;0,047715913;0,182141416;0,170385323;0,98274339;0,239622926;2,956310771;28,48250286;68,56118637;0,398366199;70,24000607;66,80944266;41,18946402;34,66083539;156,8181909;206,3548816;156,3703864
34;7615-1;HKY:2022-09-05;BH;HKY;B;181,29;162,975;10,10259805;29,76;10,726668;0,613913285;13,42807154;34,14071523;3,649904264;3,204055745;0,720894567;41,71556981;377733,7425;553580,3144;1309470,769;59506,20986;854979,406;1223191,911;1898340,26;313217,1818;1238372,233;39023,37252;59454,75387;3172717,807;873784,716;3155270,442;3121532,171;5696570,064;0,233270759;0,102122702;1,340815793;13,22059559;0,110660101;0,147355031;38,34730362;0,103255989;0,196905663;11,74510372;2,361967749;0,26356043;18,79617701;0,70431854;9,956976732;0,040482327;0,088501301;0,696897741;0,051985075;0,165538983;0,147862185;0,952079742;0,226263213;3,102402411;29,0591791;67,83841849;0,441859685;72,41892748;73,38619592;40,59325097;34,86970733;153,0281733;201,76126;152,5163259
35;7615-2;QZY:2022-09-26;BH;QZY;B;184,52;172,63;6,443745935;27,51;10,69278289;0,731342306;12,68185045;33,2532176;3,29887274;2,759750831;0,535095535;39,8469367;307266,7769;218533,395;638079,2227;28227,49522;428676,0911;641794,7094;1197355,301;219898,4115;814977,2887;13250,54038;24467,15994;1310257,437;399004,4955;1620782,981;1839150,01;2781855,334;0,216665516;0,095474283;1,423411003;13,75337973;0,117162627;0,163731429;38,58146883;0,113686758;0,200819762;11,66673404;2,243912799;0,257984259;17,97497967;0,683075432;10,07104454;0,049076641;0,084381278;0,709207486;0,054901863;0,171239281;0,151280193;0,975404588;0,240977989;3,020293234;28,35654663;68,62316013;0,3750949;69,66396003;70,06267557;43,95905324;38,30618191;158,8845477;209,1686689;159,5749222
36;7615-3;QZY:2022-09-22;BH;QZY;B;180,7;171,765;4,944659657;26,37;11,86278709;0,765022774;13,23722691;34,17763017;3,362982478;2,738333539;0,580245219;40,8591914;445079,4729;387223,3971;1190316,507;56862,91376;716072,9004;1156419,487;1652661,908;356691,408;1038748,38;29401,64222;51679,33215;2975600,935;992239,0247;2795555,191;2809081,394;5444360,722;0,329575331;0,095720266;1,405594254;13,68340903;0,118903322;0,085893904;38,66002566;0,104930919;0,208699774;11,94441362;2,153501348;0,244212552;17,69428032;0,713372988;9,952018973;0,055802719;0,088517178;0,796677586;0,055725534;0,186357996;0,154322239;1,018448765;0,249595728;2,838134451;27,9769;69,18496555;0,421078303;68,61952202;67,04563255;41,85633019;34,94866676;154,8055691;204,011518;153,5856642
37;7616-1;QZY:2022-09-24;BH;QZY;B;173,5;159,3;8,18443804;29,55;20,41344073;0,720211827;14,20016473;34,42982074;3,4474061;3,239428536;0,693407183;41,81006256;384957,7007;209281,1736;560791,4402;27897,2276;473910,9121;620632,9762;1251424,545;231367,5314;900551,0716;16107,15844;27144,82605;1444827,018;468257,8746;1656838,454;1872057,522;3088255,48;0,208595239;0,090918792;1,281023926;12,70459277;0,108726601;0,168374587;37,79375141;0,104453066;0,204604065;11,66537406;2,426149798;0,286048316;19,33035489;0,726792238;10,36079715;0,042248897;0,095053302;0,773297234;0,051772998;0,18469905;0,1543985;1,019516871;0,218456233;3,203482;30,0226774;66,7738406;0,422758812;68,68635901;69,3998596;41,00667617;32,39066745;147,8770739;197,0388716;149,2235267
38;7616-2;QZY:2022-09-30;BH;QZY;B;174,27;160,93;7,654788547;27,18;11,70775305;0,926576398;12,94947892;33,42219752;3,22402777;2,707459351;0,493265453;39,84695009;330074,3805;391479,6154;1167654,209;43910,83059;702863,9241;1101080,816;1645387,444;353915,6339;1074790,029;24668,21138;47097,97614;2443735,825;791553,5013;2635982,96;2746468,26;4735761,177;0,215767729;0,096114171;1,37436898;13,39729587;0,12641435;0,167406697;38,45116394;0,111413332;0,210428051;11,82280107;2,37322859;0,260516326;18,10978367;0,716427403;9,938688603;0,053419365;0,087549087;0,786425382;0,053206488;0,187901879;0,165244314;1,036313357;0,258121342;3,170686286;28,37712973;68,45218398;0,415988365;70,19403601;67,8899639;42,52431971;35,94314527;160,0834221;204,5916425;158,0861927
39;7617-3;QZY:2022-09-34;BH;QZY;B;172,19;161,88;5,987571868;29,04;11,43083666;1,226832816;13,24691664;32,26944564;3,353531126;2,932309831;0,671374897;39,2266615;277889,1361;400060,6166;702764,9312;31941,64349;736597,3708;789704,5744;1615685,295;401829,2976;1153692,674;20939,19801;47099,07046;2702109,026;826728,4695;2149253,698;2405389,87;5152397,736;0,192026006;0,106309462;1,399525475;13,39865396;0,129506788;0,177167477;38,13771377;0,118151681;0,209943096;11,46631157;2,775095184;0,253022226;18,38241833;0,709999379;10,02940022;0,057069771;0,090344905;0,741859491;0,048240919;0,179851;0,164149447;1,005524348;0,227715502;3,55115207;28,73025537;67,71859256;0,419475936;67,75317898;64,37432961;36,35652829;30,37960468;154,9627931;201,8694842;152,4253197
40;7630-2;QZY:2022-10-11;BH;QZY;B;173,48;158,52;8,623472446;27,22;10,80493802;1,124267979;13,76020768;33,06122961;3,525828173;3,020148689;0,635666522;40,242873;234425,5608;223169,1354;791330,681;31105,24152;371976,3855;741007,5144;1246443,215;263286,5459;840604,341;9913,608463;21175,16816;1104765,088;437055,977;1652007,004;1987450,73;2676800,729;0,186490284;0,114622621;1,417176871;13,51175402;0,127856561;0,171389789;38,64680658;0,122194904;0,213650917;11,86999603;2,946173041;0,260999174;17,67810039;0,747431437;9,419179741;0,057619948;0,087218286;0,763747976;0,04624951;0,188929058;0,169417111;1,006403394;0,246592352;3,74734926;27,41967699;68,83297375;0,439249149;72,28021064;72,22832917;42,6618017;33,56616369;153,4459833;203,1163341;153,4841825
41;7629-1;HKY:2022-10-10;BH;HKY;B;163,42;148,3;9,252233509;21,52;25,10416963;0,627767474;14,84387579;30,40409726;4,070723376;3,372041991;0,891578104;38,73844073;347324,7771;476227,8162;2105292,161;85573,38603;802316,2765;1748410,219;2272690,01;382560,3565;1415503,786;16155,59108;44789,92229;1749543,456;599255,1171;3816734,416;4021100,229;4207808,23;0,207912861;0,111554395;1,380836075;12,58946689;0,121605516;0,147673076;37,69709391;0,127493145;0,206503238;12,3593789;3,869400789;0,319898238;18,85732747;0,828915661;8,59839499;0,051051174;0,088794173;0,75506979;0,043039595;0,191732668;0,165634564;1,026748155;0,254474725;4,718939973;27,7792889;67,50177113;0,464338155;75,55561298;74,88093182;39,51932428;32,94543088;144,2107316;186,3223869;139,3478957
42;7631-1;QZY:2022-10-10;BH;QZY;B;170,34;159,03;6,639661853;25,03;13,26404878;1,152386783;12,87193468;33,81403188;3,911902605;3,244721848;0,694281228;41,66493756;240838,9966;270278,012;469955,1188;28480,62918;683200,3316;523406,4724;930174,8768;347529,208;1009688,898;14498,38179;43858,07066;2341629,779;637971,1853;1692753,088;1453581,349;4395175,522;0,183633372;0,109370283;1,430263634;13,12077442;0,126222993;0,162928046;37,65875847;0,117499502;0,209526923;11,63320448;3,223064446;0,27850406;19,06266582;0,762885545;9,390028498;0,056326194;0,08765034;0,761280394;0,043661321;0,182501359;0,177760624;0,997734371;0,22375491;4,005750964;28,76650734;67,2277417;0,395752968;68,17649857;65,4088049;36,94395546;33,81292338;156,594382;201,5139573;151,2928059
43;7631-2;QZY:2022-10-16;BH;QZY;B;171,99;157,925;8,177801035;29,59;14,95423982;1,405597025;12,4978228;31,83554156;3,109712546;2,533545082;0,414677371;37,89347655;244458,5898;371839,6346;1011608,51;39472,79928;521056,3876;966412,9922;1489890,904;350793,6215;1000479,864;14448,01958;32159,98936;1736319;572235,6324;2188435,921;2456303,896;3706436,127;0,31855089;0,110578189;1,468745661;13,85712453;0,145683475;0,079601557;38,28951454;0,117724018;0,216520081;11,45275496;2,994178372;0,259967533;17,88781293;0,767681027;9,362718712;0,061802496;0,08559326;0,765475858;0,049976414;0,20420485;0,178820555;1,076609528;0,248360558;3,699832038;27,59030617;68,70986179;0,365481497;70,89224952;71,77790845;40,5457709;34,01410702;152,1592704;199,0184571;150,8579212
44;7655-2;1-0220-220922C;CG;I;H;157,87;152,28;3,540888072;30,48;10,51724681;1,718399402;10,71526432;31,97105459;4,439190452;3,888014876;1,243138526;41,54139844;179181,1127;1397984,858;1397065,169;42733,94151;1012953,128;845762,4841;1579419,886;684700,9828;1529693,463;20751,58485;47283,20746;4964438,295;1374576,977;4029918,21;2425182,371;8621444,511;0,308434673;0,143620928;1,479005547;13,70892205;0,186296062;0,098045087;38,95661642;0,14188706;0,238952972;11,19818586;4,328728742;0,349171545;17,17392532;0,813553049;8,070913008;0,062141292;0,080180234;0,790434706;0,047854659;0,187125688;0,216203301;1,160804447;0,258997349;5,176829784;25,55999891;69,26317131;1,360081946;74,90540008;70,06132147;42,6370996;35,58057411;151,578811;195,3003677;147,4791882
45;7656-1;1-0220-220925B;CG;I;H;162,5;162,2125;0,176923077;30,52;16,67501987;2,14244976;10,83334006;30,05124483;4,115439975;3,730492262;1,026527381;38,92370445;429358,8418;742993,2969;759351,2988;61615,7658;440125,5247;499266,4023;1200627,986;647513,6274;1120152,579;14507,9032;35787,54644;2863053,97;753119,3227;2433444,728;1699894,388;5434134,948;0,205704092;0,148189446;1,489031701;13,99841819;0,191656913;0,189063715;40,01522468;0,15858556;0,235973724;11,06894609;3,687778946;0,324525417;16,49782044;0,7614757;8,26699932;0,068070206;0,078758977;0,767865574;0,034739403;0,179770403;0,224411959;1,164052505;0,242937045;4,602890683;25,05808854;70,33902078;1,461782784;72,36994428;72,19358225;43,5635944;37,5678201;155,7784128;201,096275;153,3549143
46;7656-2;1-0220-220923B;CG;I;H;160,62;155,965;2,898144689;25,94;31,61449687;0,967859524;11,17071961;31,06371334;4,274563214;3,702897558;1,097364892;40,138539;245325,2581;1001721,184;871675,5397;40270,90141;1050381,52;467325,661;966792,4139;482352,3142;1192204,329;18181,0823;43363,16792;4160483,533;1151289,462;3209374,403;1434118,075;7047873,888;0,319127974;0,134181721;1,419111337;13,40875561;0,179036895;0,085918091;39,46074283;0,150272974;0,248632004;11,49222127;3,959627721;0,393048751;16,7563275;0,836350721;8,244517883;0,068289219;0,081774761;0,878678676;0,050176004;0,194787506;0,208434783;1,150849768;0,279135998;4,868003535;25,32758366;69,80441281;0,810450844;68,19118866;65,17384967;46,14763485;38,34334086;151,8277267;195,7447379;145,4345628
47;7707-1;20221103090;HB;G;B;157,45;150,365;4,499841219;22,8;10,6067707;0,707054436;11,6811418;24,81588379;3,464048283;3,437098584;0,972311262;32,68934192;260410,2511;365290,7042;494051,0232;36338,86361;832536,8222;389543,1462;688701,5306;442205,101;1219591,975;30778,68043;43728,89036;3058310,189;1214505,54;1988627,664;1078244,677;6009120,377;0,187877013;0,123341338;1,343622866;13,22562314;0,125578089;0,157888084;36,48684383;0,136673109;0,180261357;10,73623327;3,536845861;0,312552506;20,93788075;0,784381885;8,994291466;0,05131294;0,08828638;0,905984664;0,044508561;0,136029622;0,163829423;1,174689493;0,165464347;4,309423907;30,20099678;65,48957931;1,582096172;64,97837302;57,11632354;40,42751328;26,5831214;142,8159495;187,668386;141,4830112
48;7707-2;20221105093;HB;G;B;158,44;151,525;4,364428175;23,86;12,66573786;0,661234442;11,85396199;24,63453258;3,301887789;3,088508246;0,840106176;31,86503479;331767,7517;158598,3924;330672,0448;26568,51131;416377,0401;255477,6792;468305,0605;259154,693;885867,7763;20024,22868;23606,9586;1408061,295;559747,6236;1263983,74;723782,7397;3156462,575;0,179319355;0,129094075;1,311963575;13,06088547;0,119095356;0,16390355;36,54505208;0,132969965;0,180771015;10,67098229;3,45779723;0,295523912;20,97455085;0,764894648;9,194391731;0,057250007;0,091445314;0,945134753;0,03953416;0,144059964;0,177903093;1,206790976;0,156686638;4,206881295;30,44398202;65,34913669;1,871135205;67,73110564;64,09256993;39,7071355;30,59899732;145,9698883;185,1939173;141,755989
49;7707-3;20221107096;HB;H;B;166,56;154,2;7,42074928;32,85;10,55527507;0,662566868;13,68503984;34,18251866;3,831323063;3,938434678;0,921254306;42,87353071;299116,2567;143321,1636;363721,1565;26032,06918;415726,8161;320040,7713;886262,9767;298615,3789;665295,4667;17442,14437;26715,51464;1415339,398;660072,0572;1247917,462;1206303,748;3083479,959;0,211746217;0,120644947;1,493679491;12,89409937;0,126291301;0,180279824;37,50032623;0,146151369;0,209003052;11,58482848;2,685827995;0,325863129;19,57294304;0,785677255;9,501049334;0,052059355;0,087928244;0,797816048;0,051189028;0,191156851;0,172814912;1,018500436;0,290124092;3,628246408;29,40426649;66,9674871;0,781548363;71,34202185;65,30066817;43,97901556;30,2945467;148,8740922;196,728814;147,6170479
50;7707-4;20221107097;HB;H;B;160,74;151,985;5,446684086;34,66;9,932782671;0,835661345;14,09039107;33,97495961;3,81554678;4,051132186;0,934825955;42,77646453;316526,5808;179120,1281;480084,6377;26282,87904;475715,9012;334560,3468;973330,9034;456729,9068;839266,0848;39980,06803;50640,0376;1782684,966;1068195,525;1477730,127;1307891,25;4237496,588;0,193005416;0,126277895;1,480608806;12,90121984;0,133316112;0,192986242;37,29233077;0,151664794;0,20852263;11,22811436;2,771753553;0,32746644;20,0537016;0,765439781;9,483636032;0,054360077;0,08940049;0,806656642;0,052908891;0,188815751;0,175797142;1,035676968;0,286339766;3,730210795;29,86846277;66,40132644;0,911389216;66,50926873;65,9374639;43,38776828;32,17133557;152,5386607;193,4448465;144,7149695